id,external_id
f95a45a0-1bfe-11ee-abde-edaa52f0420b,"Unit 1: Learning Objective A"
f95a6c84-1bfe-11ee-abde-edaa52f0420b,"Unit 1: Learning Objective B"
f95a6c8a-1bfe-11ee-abde-edaa52f0420b,"Unit 1: Learning Objective C"
f95a6c8d-1bfe-11ee-abde-edaa52f0420b,"Unit 1: Learning Objective D"
f95a6c92-1bfe-11ee-abde-edaa52f0420b,"Unit 1: Learning Objective E"
f95a6c97-1bfe-11ee-abde-edaa52f0420b,"Unit 1: Learning Objective F"
f95b08c2-1bfe-11ee-abde-edaa52f0420b,"Unit 1: Learning Objective G"
f95b2fd6-1bfe-11ee-abde-edaa52f0420b,"Unit 2: Learning Objective A"
f95b2fde-1bfe-11ee-abde-edaa52f0420b,"Unit 2: Learning Objective B"
f95b2fe3-1bfe-11ee-abde-edaa52f0420b,"Unit 2: Learning Objective C"
f95b56e1-1bfe-11ee-abde-edaa52f0420b,"Unit 2: Learning Objective D"
f95b56e7-1bfe-11ee-abde-edaa52f0420b,"Unit 2: Learning Objective E"
f95b7df1-1bfe-11ee-abde-edaa52f0420b,"Unit 2: Learning Objective F"
f95b7df5-1bfe-11ee-abde-edaa52f0420b,"Unit 2: Learning Objective G"
f95b7df8-1bfe-11ee-abde-edaa52f0420b,"Unit 2: Learning Objective H"
f95b7dfc-1bfe-11ee-abde-edaa52f0420b,"Unit 2: Learning Objective I"
f95b7e01-1bfe-11ee-abde-edaa52f0420b,"Unit 2: Learning Objective J"
f95ba500-1bfe-11ee-abde-edaa52f0420b,"Unit 3: Learning Objective A"
f95ba50b-1bfe-11ee-abde-edaa52f0420b,"Unit 3: Learning Objective B"
f95e3d12-1bfe-11ee-abde-edaa52f0420b,"Unit 3: Learning Objective C"
f95e3d18-1bfe-11ee-abde-edaa52f0420b,"Unit 3: Learning Objective D"
f95e3d1c-1bfe-11ee-abde-edaa52f0420b,"Unit 3: Learning Objective E"
f95e6420-1bfe-11ee-abde-edaa52f0420b,"Unit 3: Learning Objective F"
f95e6424-1bfe-11ee-abde-edaa52f0420b,"Unit 3: Learning Objective G"
f95e6427-1bfe-11ee-abde-edaa52f0420b,"Unit 3: Learning Objective H"
f95e642d-1bfe-11ee-abde-edaa52f0420b,"Unit 3: Learning Objective I"
f95e6432-1bfe-11ee-abde-edaa52f0420b,"Unit 3: Learning Objective J"
f95e8b30-1bfe-11ee-abde-edaa52f0420b,"Unit 3: Learning Objective K"
f95e8b36-1bfe-11ee-abde-edaa52f0420b,"Unit 3: Learning Objective L"
f95e8b3c-1bfe-11ee-abde-edaa52f0420b,"Unit 3: Learning Objective M"
f95eb240-1bfe-11ee-abde-edaa52f0420b,"Unit 3: Learning Objective N"
f95eb244-1bfe-11ee-abde-edaa52f0420b,"Unit 3: Learning Objective O"
f95eb247-1bfe-11ee-abde-edaa52f0420b,"Unit 3: Learning Objective P"
f9614a54-1bfe-11ee-abde-edaa52f0420b,"Unit 4: Learning Objective A"
f9617165-1bfe-11ee-abde-edaa52f0420b,"Unit 4: Learning Objective B"
f961716b-1bfe-11ee-abde-edaa52f0420b,"Unit 4: Learning Objective C"
f9619874-1bfe-11ee-abde-edaa52f0420b,"Unit 4: Learning Objective D"
f9619878-1bfe-11ee-abde-edaa52f0420b,"Unit 4: Learning Objective E"
f961bf81-1bfe-11ee-abde-edaa52f0420b,"Unit 4: Learning Objective F"
f961e690-1bfe-11ee-abde-edaa52f0420b,"Unit 4: Learning Objective G"
f961e693-1bfe-11ee-abde-edaa52f0420b,"Unit 4: Learning Objective H"
f961e698-1bfe-11ee-abde-edaa52f0420b,"Unit 4: Learning Objective I"
f961e69c-1bfe-11ee-abde-edaa52f0420b,"Unit 4: Learning Objective J"
f961e69f-1bfe-11ee-abde-edaa52f0420b,"Unit 4: Learning Objective K"
f9620da5-1bfe-11ee-abde-edaa52f0420b,"Unit 4: Learning Objective L"
f9620da9-1bfe-11ee-abde-edaa52f0420b,"Unit 4: Learning Objective M"
f96234b3-1bfe-11ee-abde-edaa52f0420b,"Unit 4: Learning Objective N"
f9625bc5-1bfe-11ee-abde-edaa52f0420b,"Unit 5: Learning Objective A"
f9647ea0-1bfe-11ee-abde-edaa52f0420b,"Unit 5: Learning Objective B"
f9647ea6-1bfe-11ee-abde-edaa52f0420b,"Unit 5: Learning Objective C"
f964a5b0-1bfe-11ee-abde-edaa52f0420b,"Unit 5: Learning Objective D"
f964a5b4-1bfe-11ee-abde-edaa52f0420b,"Unit 5: Learning Objective E"
f964a5b8-1bfe-11ee-abde-edaa52f0420b,"Unit 5: Learning Objective F"
f964ccc1-1bfe-11ee-abde-edaa52f0420b,"Unit 5: Learning Objective G"
f964ccc5-1bfe-11ee-abde-edaa52f0420b,"Unit 5: Learning Objective H"
f96764d0-1bfe-11ee-abde-edaa52f0420b,"Unit 5: Learning Objective I"
f96764d4-1bfe-11ee-abde-edaa52f0420b,"Unit 5: Learning Objective J"
f96764d8-1bfe-11ee-abde-edaa52f0420b,"Unit 5: Learning Objective K"
f9678be3-1bfe-11ee-abde-edaa52f0420b,"Unit 5: Learning Objective L"
f9678be7-1bfe-11ee-abde-edaa52f0420b,"Unit 5: Learning Objective M"
f967da00-1bfe-11ee-abde-edaa52f0420b,"Unit 6: Learning Objective A"
f96a7214-1bfe-11ee-abde-edaa52f0420b,"Unit 6: Learning Objective B"
f96a9924-1bfe-11ee-abde-edaa52f0420b,"Unit 6: Learning Objective B"
f96ac032-1bfe-11ee-abde-edaa52f0420b,"Unit 6: Learning Objective C"
f96ac037-1bfe-11ee-abde-edaa52f0420b,"Unit 6: Learning Objective D"
f96ae741-1bfe-11ee-abde-edaa52f0420b,"Unit 6: Learning Objective E"
f96b0e50-1bfe-11ee-abde-edaa52f0420b,"Unit 6: Learning Objective E"
f96b0e55-1bfe-11ee-abde-edaa52f0420b,"Unit 6: Learning Objective F"
f96b3563-1bfe-11ee-abde-edaa52f0420b,"Unit 6: Learning Objective G"
f96b5c71-1bfe-11ee-abde-edaa52f0420b,"Unit 6: Learning Objective H"
f96b5c76-1bfe-11ee-abde-edaa52f0420b,"Unit 6: Learning Objective I"
f96b8381-1bfe-11ee-abde-edaa52f0420b,"Unit 6: Learning Objective J"
f96d7f50-1bfe-11ee-abde-edaa52f0420b,"Unit 6: Learning Objective K"
f96d7f57-1bfe-11ee-abde-edaa52f0420b,"Unit 6: Learning Objective L"
f96dcd74-1bfe-11ee-abde-edaa52f0420b,"Unit 7: Learning Objective A"
f970b3a0-1bfe-11ee-abde-edaa52f0420b,"Unit 7: Learning Objective B"
f970b3a4-1bfe-11ee-abde-edaa52f0420b,"Unit 7: Learning Objective C"
f970b3a7-1bfe-11ee-abde-edaa52f0420b,"Unit 7: Learning Objective D"
f970dab2-1bfe-11ee-abde-edaa52f0420b,"Unit 7: Learning Objective E"
f97101c0-1bfe-11ee-abde-edaa52f0420b,"Unit 7: Learning Objective F"
f97101c5-1bfe-11ee-abde-edaa52f0420b,"Unit 7: Learning Objective G"
f9714fe0-1bfe-11ee-abde-edaa52f0420b,"Unit 7: Learning Objective H"
f9714fe5-1bfe-11ee-abde-edaa52f0420b,"Unit 7: Learning Objective G"
f97176f2-1bfe-11ee-abde-edaa52f0420b,"Unit 7: Learning Objective I"
f9719e00-1bfe-11ee-abde-edaa52f0420b,"Unit 7: Learning Objective J"
f97399d1-1bfe-11ee-abde-edaa52f0420b,"Unit 7: Learning Objective K"
f973c0e3-1bfe-11ee-abde-edaa52f0420b,"Unit 7: Learning Objective B"
f973e7f1-1bfe-11ee-abde-edaa52f0420b,"Unit 7: Learning Objective L"
f9740f02-1bfe-11ee-abde-edaa52f0420b,"Unit 7: Learning Objective M"
f976a711-1bfe-11ee-abde-edaa52f0420b,"Unit 7: Learning Objective N"
f976ce20-1bfe-11ee-abde-edaa52f0420b,"Unit 7: Learning Objective O"
f97a5092-1bfe-11ee-abde-edaa52f0420b,"Unit 8: Learning Objective A"
f97a9eb4-1bfe-11ee-abde-edaa52f0420b,"Unit 8: Learning Objective B"
f97cc190-1bfe-11ee-abde-edaa52f0420b,"Unit 8: Learning Objective C"
f97cc193-1bfe-11ee-abde-edaa52f0420b,"Unit 8: Learning Objective D"
f97cc196-1bfe-11ee-abde-edaa52f0420b,"Unit 8: Learning Objective E"
f97ce8a0-1bfe-11ee-abde-edaa52f0420b,"Unit 8: Learning Objective F"
f97ce8a3-1bfe-11ee-abde-edaa52f0420b,"Unit 8: Learning Objective G"
f97ce8a7-1bfe-11ee-abde-edaa52f0420b,"Unit 8: Learning Objective H"
f97d0fb2-1bfe-11ee-abde-edaa52f0420b,"Unit 8: Learning Objective I"
f97d36c2-1bfe-11ee-abde-edaa52f0420b,"Unit 8: Learning Objective J"
f97fced2-1bfe-11ee-abde-edaa52f0420b,"Unit 8: Learning Objective K"
f97fced5-1bfe-11ee-abde-edaa52f0420b,"Unit 8: Learning Objective L"
f97ff5e1-1bfe-11ee-abde-edaa52f0420b,"Unit 8: Learning Objective M"
f9801cf0-1bfe-11ee-abde-edaa52f0420b,"Unit 8: Learning Objective L"
f9801cf6-1bfe-11ee-abde-edaa52f0420b,"Unit 8: Learning Objective N"
f9804404-1bfe-11ee-abde-edaa52f0420b,"Unit 8: Learning Objective O"
f9806b12-1bfe-11ee-abde-edaa52f0420b,"Unit 8: Learning Objective J"
f9809221-1bfe-11ee-abde-edaa52f0420b,"Unit 8: Learning Objective P"
f9809224-1bfe-11ee-abde-edaa52f0420b,"Unit 8: Learning Objective Q"
f980e043-1bfe-11ee-abde-edaa52f0420b,"Unit 9: Learning Objective A"
f9830321-1bfe-11ee-abde-edaa52f0420b,"Unit 9: Learning Objective B"
f9835140-1bfe-11ee-abde-edaa52f0420b,"Unit 9: Learning Objective C"
f985e950-1bfe-11ee-abde-edaa52f0420b,"Unit 9: Learning Objective D"
f9861061-1bfe-11ee-abde-edaa52f0420b,"Unit 9: Learning Objective E"
f9863770-1bfe-11ee-abde-edaa52f0420b,"Unit 9: Learning Objective F"
f9865e81-1bfe-11ee-abde-edaa52f0420b,"Unit 9: Learning Objective G"
